Workbook

Sheet instructions
A1: Flow-driven dynamic MFA model
A2: Created by Tomer Fishman
A3: Contact:
A4: tomer.fishman@idc.ac.il
A5: For updates visit:
A6: https://github.com/TomerFishman/RAPID-MFA
A7: Use, modify, and share under the GPL v3.0. Please cite:
A8: (citation)
A10: Simple description:
A11: The model takes three two inputs:
B12: inflows | C12: time series | D12: survival curve
A13: It produces one main output:
B14: stocks
A15: And three secondary outputs:
B16: Inflow cohorts' depreciation matrix | C16: nas (net addition to stocks) | D16: outflows
A17: Calculation of the main output, stock, is an explicit step-by-step recreation of the convolution:
A20: Use instructions:
A21: Data input
A22: In sheet "data input":
A23: 1. Insert time values (years) starting from cell B3
A24: 2. Insert inflow data starting from cell C3
A25: 3. Insert survival curve values:
B26: If calculated elsewhere, insert the values starting from cell E3
B27: Or use excel functions: The excel code for Normal, Weibull, and geometric depreciation are available in cells J4:J6.
B28: Copy the required code without the ' hyphen into cell E3, enter parameter values in cells H3 and I3. The meaning of the parameters for each curve type are described in G4:I6.
B29: Fill the series downwards.
A30: Creation of a survival matrix
A31: The survival curve is this system's impulse response function.
A32: In sheet "survival matrix" the survival curve from "data input" is turned into a Toeplitz matrix starting from cell F3.
A33: The matrix's rows reflect t and the columns reflect τ in the equation above.
A34: The matrix's cells are colored using conditional formatting to visualize this matrix's properties.
A35: You can extend the matrix using Excel's fill series as needed.
A36: Calculation of the cohorts
A37: In sheet "model output", the inflows (in row 1) are multiplied by the survival matrix to calculate the cohorts' survival over time, resulting in a cohorts matrix.
A38: You can extend the matrix using Excel's fill series as needed.
A39: Calculation of the stocks, nas, and outflows
A40: The sum of each row of the cohort matrix is the stock, calculated in column C of "model output"
A41: The stock's difference between two timesteps is the net addition to stock, calculated in column B
A42: The outflows are calculated in column A using the mass balance equation: inflow = net addition to stock + outflow

Sheet data input
B2: time: | C2: inflows: | D2: timestep | E2: survival curve: | H2: survival curve parameters:
B3: 1878 | C3: 3250.5462 | D3: 0 | E3: =1-_xlfn.NORM.DIST(D3,$H$3,$I$3,TRUE) -> 0.9986501 | H3: 40 | I3: =H3/3 -> 13.333333 | J3: survival curve function codes for cell E3:
B4: 1879 | C4: 6526.664 | D4: 1 | E4: =1-_xlfn.NORM.DIST(D4,$H$3,$I$3,TRUE) -> 0.99827772 | G4: Normal distribution 1-CDF | H4: μ (mean) | I4: σ (standard deviation) | J4: =1-NORM.DIST(D2,$H$2,$I$2,TRUE)
B5: 1880 | C5: 9817.8902 | D5: 2 | E5: =1-_xlfn.NORM.DIST(D5,$H$3,$I$3,TRUE) -> 0.99781404 | G5: Weibull distribution 1-CDF | H5: k (shape parameter) | I5: l (scale parameter) | J5: =1-WEIBULL.DIST(D2,$H$2,$I$2,TRUE)
B6: 1881 | C6: 13135.631 | D6: 3 | E6: =1-_xlfn.NORM.DIST(D6,$H$3,$I$3,TRUE) -> 0.99723991 | G6: Geometric/exponential depreciation (leaching model) | H6: r (0<r<1) | I6: (no second parameter) | J6: =(1-$H$2)^D2
B7: 1882 | C7: 16477.461 | D7: 4 | E7: =1-_xlfn.NORM.DIST(D7,$H$3,$I$3,TRUE) -> 0.99653303
B8: 1883 | C8: 19844.284 | D8: 5 | E8: =1-_xlfn.NORM.DIST(D8,$H$3,$I$3,TRUE) -> 0.99566755
B9: 1884 | C9: 23242.927 | D9: 6 | E9: =1-_xlfn.NORM.DIST(D9,$H$3,$I$3,TRUE) -> 0.99461385
B10: 1885 | C10: 26668.86 | D10: 7 | E10: =1-_xlfn.NORM.DIST(D10,$H$3,$I$3,TRUE) -> 0.99333819
B11: 1886 | C11: 30110.148 | D11: 8 | E11: =1-_xlfn.NORM.DIST(D11,$H$3,$I$3,TRUE) -> 0.99180246
B12: 1887 | C12: 33559.835 | D12: 9 | E12: =1-_xlfn.NORM.DIST(D12,$H$3,$I$3,TRUE) -> 0.98996402
B13: 1888 | C13: 37031.477 | D13: 10 | E13: =1-_xlfn.NORM.DIST(D13,$H$3,$I$3,TRUE) -> 0.98777553
B14: 1889 | C14: 40534.314 | D14: 11 | E14: =1-_xlfn.NORM.DIST(D14,$H$3,$I$3,TRUE) -> 0.98518494
B15: 1890 | C15: 44065.434 | D15: 12 | E15: =1-_xlfn.NORM.DIST(D15,$H$3,$I$3,TRUE) -> 0.98213558
B16: 1891 | C16: 47615.868 | D16: 13 | E16: =1-_xlfn.NORM.DIST(D16,$H$3,$I$3,TRUE) -> 0.97856632
B17: 1892 | C17: 51175.348 | D17: 14 | E17: =1-_xlfn.NORM.DIST(D17,$H$3,$I$3,TRUE) -> 0.97441194
B18: 1893 | C18: 54750.172 | D18: 15 | E18: =1-_xlfn.NORM.DIST(D18,$H$3,$I$3,TRUE) -> 0.96960364
... B130: 2005 | C130: 1521833.1 | D130: 127 | E130: =1-_xlfn.NORM.DIST(D130,$H$3,$I$3,TRUE) -> 3.4000802e-11

Sheet survival matrix
F2: =E3 -> 1878 | G2: =F2+1 -> 1879 | H2: =G2+1 -> 1880 | I2: =H2+1 -> 1881 | J2: =I2+1 -> 1882 | K2: =J2+1 -> 1883 | L2: =K2+1 -> 1884 | M2: =L2+1 -> 1885 | N2: =M2+1 -> 1886 | ... EC2: =EB2+1 -> 2005
E3: ='data input'!B3 -> 1878 | F3: =IF($E3>=F$2,VLOOKUP($E3-F$2,'data input'!$D$3:$E$130,2,FALSE),0) -> 0.9986501 | G3: =IF($E3>=G$2,VLOOKUP($E3-G$2,'data input'!$D$3:$E$130,2,FALSE),0) -> 0 | H3: =IF($E3>=H$2,VLOOKUP($E3-H$2,'data input'!$D$3:$E$130,2,FALSE),0) -> 0 | I3: =IF($E3>=I$2,VLOOKUP($E3-I$2,'data input'!$D$3:$E$130,2,FALSE),0) -> 0 | J3: =IF($E3>=J$2,VLOOKUP($E3-J$2,'data input'!$D$3:$E$130,2,FALSE),0) -> 0 | K3: =IF($E3>=K$2,VLOOKUP($E3-K$2,'data input'!$D$3:$E$130,2,FALSE),0) -> 0 | L3: =IF($E3>=L$2,VLOOKUP($E3-L$2,'data input'!$D$3:$E$130,2,FALSE),0) -> 0 | M3: =IF($E3>=M$2,VLOOKUP($E3-M$2,'data input'!$D$3:$E$130,2,FALSE),0) -> 0 | ... EC3: =IF($E3>=EC$2,VLOOKUP($E3-EC$2,'data input'!$D$3:$E$130,2,FALSE),0) -> 0
E4: ='data input'!B4 -> 1879 | F4: =IF($E4>=F$2,VLOOKUP($E4-F$2,'data input'!$D$3:$E$130,2,FALSE),0) -> 0.99827772 | G4: =IF($E4>=G$2,VLOOKUP($E4-G$2,'data input'!$D$3:$E$130,2,FALSE),0) -> 0.9986501 | H4: =IF($E4>=H$2,VLOOKUP($E4-H$2,'data input'!$D$3:$E$130,2,FALSE),0) -> 0 | I4: =IF($E4>=I$2,VLOOKUP($E4-I$2,'data input'!$D$3:$E$130,2,FALSE),0) -> 0 | J4: =IF($E4>=J$2,VLOOKUP($E4-J$2,'data input'!$D$3:$E$130,2,FALSE),0) -> 0 | K4: =IF($E4>=K$2,VLOOKUP($E4-K$2,'data input'!$D$3:$E$130,2,FALSE),0) -> 0 | L4: =IF($E4>=L$2,VLOOKUP($E4-L$2,'data input'!$D$3:$E$130,2,FALSE),0) -> 0 | M4: =IF($E4>=M$2,VLOOKUP($E4-M$2,'data input'!$D$3:$E$130,2,FALSE),0) -> 0 | ... EC4: =IF($E4>=EC$2,VLOOKUP($E4-EC$2,'data input'!$D$3:$E$130,2,FALSE),0) -> 0
E5: ='data input'!B5 -> 1880 | F5: =IF($E5>=F$2,VLOOKUP($E5-F$2,'data input'!$D$3:$E$130,2,FALSE),0) -> 0.99781404 | G5: =IF($E5>=G$2,VLOOKUP($E5-G$2,'data input'!$D$3:$E$130,2,FALSE),0) -> 0.99827772 | H5: =IF($E5>=H$2,VLOOKUP($E5-H$2,'data input'!$D$3:$E$130,2,FALSE),0) -> 0.9986501 | I5: =IF($E5>=I$2,VLOOKUP($E5-I$2,'data input'!$D$3:$E$130,2,FALSE),0) -> 0 | J5: =IF($E5>=J$2,VLOOKUP($E5-J$2,'data input'!$D$3:$E$130,2,FALSE),0) -> 0 | K5: =IF($E5>=K$2,VLOOKUP($E5-K$2,'data input'!$D$3:$E$130,2,FALSE),0) -> 0 | L5: =IF($E5>=L$2,VLOOKUP($E5-L$2,'data input'!$D$3:$E$130,2,FALSE),0) -> 0 | M5: =IF($E5>=M$2,VLOOKUP($E5-M$2,'data input'!$D$3:$E$130,2,FALSE),0) -> 0 | ... EC5: =IF($E5>=EC$2,VLOOKUP($E5-EC$2,'data input'!$D$3:$E$130,2,FALSE),0) -> 0
E6: ='data input'!B6 -> 1881 | F6: =IF($E6>=F$2,VLOOKUP($E6-F$2,'data input'!$D$3:$E$130,2,FALSE),0) -> 0.99723991 | G6: =IF($E6>=G$2,VLOOKUP($E6-G$2,'data input'!$D$3:$E$130,2,FALSE),0) -> 0.99781404 | H6: =IF($E6>=H$2,VLOOKUP($E6-H$2,'data input'!$D$3:$E$130,2,FALSE),0) -> 0.99827772 | I6: =IF($E6>=I$2,VLOOKUP($E6-I$2,'data input'!$D$3:$E$130,2,FALSE),0) -> 0.9986501 | J6: =IF($E6>=J$2,VLOOKUP($E6-J$2,'data input'!$D$3:$E$130,2,FALSE),0) -> 0 | K6: =IF($E6>=K$2,VLOOKUP($E6-K$2,'data input'!$D$3:$E$130,2,FALSE),0) -> 0 | L6: =IF($E6>=L$2,VLOOKUP($E6-L$2,'data input'!$D$3:$E$130,2,FALSE),0) -> 0 | M6: =IF($E6>=M$2,VLOOKUP($E6-M$2,'data input'!$D$3:$E$130,2,FALSE),0) -> 0 | ... EC6: =IF($E6>=EC$2,VLOOKUP($E6-EC$2,'data input'!$D$3:$E$130,2,FALSE),0) -> 0
E7: ='data input'!B7 -> 1882 | F7: =IF($E7>=F$2,VLOOKUP($E7-F$2,'data input'!$D$3:$E$130,2,FALSE),0) -> 0.99653303 | G7: =IF($E7>=G$2,VLOOKUP($E7-G$2,'data input'!$D$3:$E$130,2,FALSE),0) -> 0.99723991 | H7: =IF($E7>=H$2,VLOOKUP($E7-H$2,'data input'!$D$3:$E$130,2,FALSE),0) -> 0.99781404 | I7: =IF($E7>=I$2,VLOOKUP($E7-I$2,'data input'!$D$3:$E$130,2,FALSE),0) -> 0.99827772 | J7: =IF($E7>=J$2,VLOOKUP($E7-J$2,'data input'!$D$3:$E$130,2,FALSE),0) -> 0.9986501 | K7: =IF($E7>=K$2,VLOOKUP($E7-K$2,'data input'!$D$3:$E$130,2,FALSE),0) -> 0 | L7: =IF($E7>=L$2,VLOOKUP($E7-L$2,'data input'!$D$3:$E$130,2,FALSE),0) -> 0 | M7: =IF($E7>=M$2,VLOOKUP($E7-M$2,'data input'!$D$3:$E$130,2,FALSE),0) -> 0 | ... EC7: =IF($E7>=EC$2,VLOOKUP($E7-EC$2,'data input'!$D$3:$E$130,2,FALSE),0) -> 0
E8: ='data input'!B8 -> 1883 | F8: =IF($E8>=F$2,VLOOKUP($E8-F$2,'data input'!$D$3:$E$130,2,FALSE),0) -> 0.99566755 | G8: =IF($E8>=G$2,VLOOKUP($E8-G$2,'data input'!$D$3:$E$130,2,FALSE),0) -> 0.99653303 | H8: =IF($E8>=H$2,VLOOKUP($E8-H$2,'data input'!$D$3:$E$130,2,FALSE),0) -> 0.99723991 | I8: =IF($E8>=I$2,VLOOKUP($E8-I$2,'data input'!$D$3:$E$130,2,FALSE),0) -> 0.99781404 | J8: =IF($E8>=J$2,VLOOKUP($E8-J$2,'data input'!$D$3:$E$130,2,FALSE),0) -> 0.99827772 | K8: =IF($E8>=K$2,VLOOKUP($E8-K$2,'data input'!$D$3:$E$130,2,FALSE),0) -> 0.9986501 | L8: =IF($E8>=L$2,VLOOKUP($E8-L$2,'data input'!$D$3:$E$130,2,FALSE),0) -> 0 | M8: =IF($E8>=M$2,VLOOKUP($E8-M$2,'data input'!$D$3:$E$130,2,FALSE),0) -> 0 | ... EC8: =IF($E8>=EC$2,VLOOKUP($E8-EC$2,'data input'!$D$3:$E$130,2,FALSE),0) -> 0
E9: ='data input'!B9 -> 1884 | F9: =IF($E9>=F$2,VLOOKUP($E9-F$2,'data input'!$D$3:$E$130,2,FALSE),0) -> 0.99461385 | G9: =IF($E9>=G$2,VLOOKUP($E9-G$2,'data input'!$D$3:$E$130,2,FALSE),0) -> 0.99566755 | H9: =IF($E9>=H$2,VLOOKUP($E9-H$2,'data input'!$D$3:$E$130,2,FALSE),0) -> 0.99653303 | I9: =IF($E9>=I$2,VLOOKUP($E9-I$2,'data input'!$D$3:$E$130,2,FALSE),0) -> 0.99723991 | J9: =IF($E9>=J$2,VLOOKUP($E9-J$2,'data input'!$D$3:$E$130,2,FALSE),0) -> 0.99781404 | K9: =IF($E9>=K$2,VLOOKUP($E9-K$2,'data input'!$D$3:$E$130,2,FALSE),0) -> 0.99827772 | L9: =IF($E9>=L$2,VLOOKUP($E9-L$2,'data input'!$D$3:$E$130,2,FALSE),0) -> 0.9986501 | M9: =IF($E9>=M$2,VLOOKUP($E9-M$2,'data input'!$D$3:$E$130,2,FALSE),0) -> 0 | ... EC9: =IF($E9>=EC$2,VLOOKUP($E9-EC$2,'data input'!$D$3:$E$130,2,FALSE),0) -> 0
E10: ='data input'!B10 -> 1885 | F10: =IF($E10>=F$2,VLOOKUP($E10-F$2,'data input'!$D$3:$E$130,2,FALSE),0) -> 0.99333819 | G10: =IF($E10>=G$2,VLOOKUP($E10-G$2,'data input'!$D$3:$E$130,2,FALSE),0) -> 0.99461385 | H10: =IF($E10>=H$2,VLOOKUP($E10-H$2,'data input'!$D$3:$E$130,2,FALSE),0) -> 0.99566755 | I10: =IF($E10>=I$2,VLOOKUP($E10-I$2,'data input'!$D$3:$E$130,2,FALSE),0) -> 0.99653303 | J10: =IF($E10>=J$2,VLOOKUP($E10-J$2,'data input'!$D$3:$E$130,2,FALSE),0) -> 0.99723991 | K10: =IF($E10>=K$2,VLOOKUP($E10-K$2,'data input'!$D$3:$E$130,2,FALSE),0) -> 0.99781404 | L10: =IF($E10>=L$2,VLOOKUP($E10-L$2,'data input'!$D$3:$E$130,2,FALSE),0) -> 0.99827772 | M10: =IF($E10>=M$2,VLOOKUP($E10-M$2,'data input'!$D$3:$E$130,2,FALSE),0) -> 0.9986501 | ... EC10: =IF($E10>=EC$2,VLOOKUP($E10-EC$2,'data input'!$D$3:$E$130,2,FALSE),0) -> 0
E11: ='data input'!B11 -> 1886 | F11: =IF($E11>=F$2,VLOOKUP($E11-F$2,'data input'!$D$3:$E$130,2,FALSE),0) -> 0.99180246 | G11: =IF($E11>=G$2,VLOOKUP($E11-G$2,'data input'!$D$3:$E$130,2,FALSE),0) -> 0.99333819 | H11: =IF($E11>=H$2,VLOOKUP($E11-H$2,'data input'!$D$3:$E$130,2,FALSE),0) -> 0.99461385 | I11: =IF($E11>=I$2,VLOOKUP($E11-I$2,'data input'!$D$3:$E$130,2,FALSE),0) -> 0.99566755 | J11: =IF($E11>=J$2,VLOOKUP($E11-J$2,'data input'!$D$3:$E$130,2,FALSE),0) -> 0.99653303 | K11: =IF($E11>=K$2,VLOOKUP($E11-K$2,'data input'!$D$3:$E$130,2,FALSE),0) -> 0.99723991 | L11: =IF($E11>=L$2,VLOOKUP($E11-L$2,'data input'!$D$3:$E$130,2,FALSE),0) -> 0.99781404 | M11: =IF($E11>=M$2,VLOOKUP($E11-M$2,'data input'!$D$3:$E$130,2,FALSE),0) -> 0.99827772 | ... EC11: =IF($E11>=EC$2,VLOOKUP($E11-EC$2,'data input'!$D$3:$E$130,2,FALSE),0) -> 0
E12: ='data input'!B12 -> 1887 | F12: =IF($E12>=F$2,VLOOKUP($E12-F$2,'data input'!$D$3:$E$130,2,FALSE),0) -> 0.98996402 | G12: =IF($E12>=G$2,VLOOKUP($E12-G$2,'data input'!$D$3:$E$130,2,FALSE),0) -> 0.99180246 | H12: =IF($E12>=H$2,VLOOKUP($E12-H$2,'data input'!$D$3:$E$130,2,FALSE),0) -> 0.99333819 | I12: =IF($E12>=I$2,VLOOKUP($E12-I$2,'data input'!$D$3:$E$130,2,FALSE),0) -> 0.99461385 | J12: =IF($E12>=J$2,VLOOKUP($E12-J$2,'data input'!$D$3:$E$130,2,FALSE),0) -> 0.99566755 | K12: =IF($E12>=K$2,VLOOKUP($E12-K$2,'data input'!$D$3:$E$130,2,FALSE),0) -> 0.99653303 | L12: =IF($E12>=L$2,VLOOKUP($E12-L$2,'data input'!$D$3:$E$130,2,FALSE),0) -> 0.99723991 | M12: =IF($E12>=M$2,VLOOKUP($E12-M$2,'data input'!$D$3:$E$130,2,FALSE),0) -> 0.99781404 | ... EC12: =IF($E12>=EC$2,VLOOKUP($E12-EC$2,'data input'!$D$3:$E$130,2,FALSE),0) -> 0
E13: ='data input'!B13 -> 1888 | F13: =IF($E13>=F$2,VLOOKUP($E13-F$2,'data input'!$D$3:$E$130,2,FALSE),0) -> 0.98777553 | G13: =IF($E13>=G$2,VLOOKUP($E13-G$2,'data input'!$D$3:$E$130,2,FALSE),0) -> 0.98996402 | H13: =IF($E13>=H$2,VLOOKUP($E13-H$2,'data input'!$D$3:$E$130,2,FALSE),0) -> 0.99180246 | I13: =IF($E13>=I$2,VLOOKUP($E13-I$2,'data input'!$D$3:$E$130,2,FALSE),0) -> 0.99333819 | J13: =IF($E13>=J$2,VLOOKUP($E13-J$2,'data input'!$D$3:$E$130,2,FALSE),0) -> 0.99461385 | K13: =IF($E13>=K$2,VLOOKUP($E13-K$2,'data input'!$D$3:$E$130,2,FALSE),0) -> 0.99566755 | L13: =IF($E13>=L$2,VLOOKUP($E13-L$2,'data input'!$D$3:$E$130,2,FALSE),0) -> 0.99653303 | M13: =IF($E13>=M$2,VLOOKUP($E13-M$2,'data input'!$D$3:$E$130,2,FALSE),0) -> 0.99723991 | ... EC13: =IF($E13>=EC$2,VLOOKUP($E13-EC$2,'data input'!$D$3:$E$130,2,FALSE),0) -> 0
E14: ='data input'!B14 -> 1889 | F14: =IF($E14>=F$2,VLOOKUP($E14-F$2,'data input'!$D$3:$E$130,2,FALSE),0) -> 0.98518494 | G14: =IF($E14>=G$2,VLOOKUP($E14-G$2,'data input'!$D$3:$E$130,2,FALSE),0) -> 0.98777553 | H14: =IF($E14>=H$2,VLOOKUP($E14-H$2,'data input'!$D$3:$E$130,2,FALSE),0) -> 0.98996402 | I14: =IF($E14>=I$2,VLOOKUP($E14-I$2,'data input'!$D$3:$E$130,2,FALSE),0) -> 0.99180246 | J14: =IF($E14>=J$2,VLOOKUP($E14-J$2,'data input'!$D$3:$E$130,2,FALSE),0) -> 0.99333819 | K14: =IF($E14>=K$2,VLOOKUP($E14-K$2,'data input'!$D$3:$E$130,2,FALSE),0) -> 0.99461385 | L14: =IF($E14>=L$2,VLOOKUP($E14-L$2,'data input'!$D$3:$E$130,2,FALSE),0) -> 0.99566755 | M14: =IF($E14>=M$2,VLOOKUP($E14-M$2,'data input'!$D$3:$E$130,2,FALSE),0) -> 0.99653303 | ... EC14: =IF($E14>=EC$2,VLOOKUP($E14-EC$2,'data input'!$D$3:$E$130,2,FALSE),0) -> 0
... E130: ='data input'!B130 -> 2005 | F130: =IF($E130>=F$2,VLOOKUP($E130-F$2,'data input'!$D$3:$E$130,2,FALSE),0) -> 3.4000802e-11 | G130: =IF($E130>=G$2,VLOOKUP($E130-G$2,'data input'!$D$3:$E$130,2,FALSE),0) -> 5.5925042e-11 | H130: =IF($E130>=H$2,VLOOKUP($E130-H$2,'data input'!$D$3:$E$130,2,FALSE),0) -> 9.1481489e-11 | I130: =IF($E130>=I$2,VLOOKUP($E130-I$2,'data input'!$D$3:$E$130,2,FALSE),0) -> 1.4882284e-10 | J130: =IF($E130>=J$2,VLOOKUP($E130-J$2,'data input'!$D$3:$E$130,2,FALSE),0) -> 2.4077795e-10 | K130: =IF($E130>=K$2,VLOOKUP($E130-K$2,'data input'!$D$3:$E$130,2,FALSE),0) -> 3.8741477e-10 | L130: =IF($E130>=L$2,VLOOKUP($E130-L$2,'data input'!$D$3:$E$130,2,FALSE),0) -> 6.1993866e-10 | M130: =IF($E130>=M$2,VLOOKUP($E130-M$2,'data input'!$D$3:$E$130,2,FALSE),0) -> 9.865877e-10 | ... EC130: =IF($E130>=EC$2,VLOOKUP($E130-EC$2,'data input'!$D$3:$E$130,2,FALSE),0) -> 0.9986501

Sheet model output
E1: inflows | F1: =VLOOKUP(F2,'data input'!$B$3:$C$130,2,FALSE) -> 3250.5462 | G1: =VLOOKUP(G2,'data input'!$B$3:$C$130,2,FALSE) -> 6526.664 | H1: =VLOOKUP(H2,'data input'!$B$3:$C$130,2,FALSE) -> 9817.8902 | I1: =VLOOKUP(I2,'data input'!$B$3:$C$130,2,FALSE) -> 13135.631 | J1: =VLOOKUP(J2,'data input'!$B$3:$C$130,2,FALSE) -> 16477.461 | K1: =VLOOKUP(K2,'data input'!$B$3:$C$130,2,FALSE) -> 19844.284 | L1: =VLOOKUP(L2,'data input'!$B$3:$C$130,2,FALSE) -> 23242.927 | M1: =VLOOKUP(M2,'data input'!$B$3:$C$130,2,FALSE) -> 26668.86 | ... EC1: =VLOOKUP(EC2,'data input'!$B$3:$C$130,2,FALSE) -> 1521833.1
A2: out <- | B2: nas <- | C2: stock <- | F2: =E3 -> 1878 | G2: =F2+1 -> 1879 | H2: =G2+1 -> 1880 | I2: =H2+1 -> 1881 | J2: =I2+1 -> 1882 | K2: =J2+1 -> 1883 | L2: =K2+1 -> 1884 | M2: =L2+1 -> 1885 | N2: =M2+1 -> 1886 | ... EC2: =EB2+1 -> 2005
A3: ='data input'!C3-B3 -> 4.3879059 | B3: =C3 -> 3246.1583 | C3: =SUM(F3:EC3) -> 3246.1583 | E3: ='data input'!B3 -> 1878 | F3: =F$1*'survival matrix'!F3 -> 3246.1583 | G3: =G$1*'survival matrix'!G3 -> 0 | H3: =H$1*'survival matrix'!H3 -> 0 | I3: =I$1*'survival matrix'!I3 -> 0 | J3: =J$1*'survival matrix'!J3 -> 0 | K3: =K$1*'survival matrix'!K3 -> 0 | L3: =L$1*'survival matrix'!L3 -> 0 | M3: =M$1*'survival matrix'!M3 -> 0 | ... EC3: =EC$1*'survival matrix'!EC3 -> 0
A4: ='data input'!C4-B4 -> 10.020779 | B4: =C4-C3 -> 6516.6433 | C4: =SUM(F4:EC4) -> 9762.8015 | E4: ='data input'!B4 -> 1879 | F4: =F$1*'survival matrix'!F4 -> 3244.9478 | G4: =G$1*'survival matrix'!G4 -> 6517.8537 | H4: =H$1*'survival matrix'!H4 -> 0 | I4: =I$1*'survival matrix'!I4 -> 0 | J4: =J$1*'survival matrix'!J4 -> 0 | K4: =K$1*'survival matrix'!K4 -> 0 | L4: =L$1*'survival matrix'!L4 -> 0 | M4: =M$1*'survival matrix'!M4 -> 0 | ... EC4: =EC$1*'survival matrix'!EC4 -> 0
A5: ='data input'!C5-B5 -> 17.190784 | B5: =C5-C4 -> 9800.6994 | C5: =SUM(F5:EC5) -> 19563.501 | E5: ='data input'!B5 -> 1880 | F5: =F$1*'survival matrix'!F5 -> 3243.4406 | G5: =G$1*'survival matrix'!G5 -> 6515.4233 | H5: =H$1*'survival matrix'!H5 -> 9804.637 | I5: =I$1*'survival matrix'!I5 -> 0 | J5: =J$1*'survival matrix'!J5 -> 0 | K5: =K$1*'survival matrix'!K5 -> 0 | L5: =L$1*'survival matrix'!L5 -> 0 | M5: =M$1*'survival matrix'!M5 -> 0 | ... EC5: =EC$1*'survival matrix'!EC5 -> 0
A6: ='data input'!C6-B6 -> 26.28028 | B6: =C6-C5 -> 13109.35 | C6: =SUM(F6:EC6) -> 32672.851 | E6: ='data input'!B6 -> 1881 | F6: =F$1*'survival matrix'!F6 -> 3241.5744 | G6: =G$1*'survival matrix'!G6 -> 6512.397 | H6: =H$1*'survival matrix'!H6 -> 9800.981 | I6: =I$1*'survival matrix'!I6 -> 13117.899 | J6: =J$1*'survival matrix'!J6 -> 0 | K6: =K$1*'survival matrix'!K6 -> 0 | L6: =L$1*'survival matrix'!L6 -> 0 | M6: =M$1*'survival matrix'!M6 -> 0 | ... EC6: =EC$1*'survival matrix'!EC6 -> 0
A7: ='data input'!C7-B7 -> 37.731628 | B7: =C7-C6 -> 16439.729 | C7: =SUM(F7:EC7) -> 49112.58 | E7: ='data input'!B7 -> 1882 | F7: =F$1*'survival matrix'!F7 -> 3239.2766 | G7: =G$1*'survival matrix'!G7 -> 6508.6499 | H7: =H$1*'survival matrix'!H7 -> 9796.4287 | I7: =I$1*'survival matrix'!I7 -> 13113.007 | J7: =J$1*'survival matrix'!J7 -> 16455.218 | K7: =K$1*'survival matrix'!K7 -> 0 | L7: =L$1*'survival matrix'!L7 -> 0 | M7: =M$1*'survival matrix'!M7 -> 0 | ... EC7: =EC$1*'survival matrix'!EC7 -> 0
A8: ='data input'!C8-B8 -> 52.077996 | B8: =C8-C7 -> 19792.206 | C8: =SUM(F8:EC8) -> 68904.787 | E8: ='data input'!B8 -> 1883 | F8: =F$1*'survival matrix'!F8 -> 3236.4633 | G8: =G$1*'survival matrix'!G8 -> 6504.0363 | H8: =H$1*'survival matrix'!H8 -> 9790.792 | I8: =I$1*'survival matrix'!I8 -> 13106.917 | J8: =J$1*'survival matrix'!J8 -> 16449.082 | K8: =K$1*'survival matrix'!K8 -> 19817.497 | L8: =L$1*'survival matrix'!L8 -> 0 | M8: =M$1*'survival matrix'!M8 -> 0 | ... EC8: =EC$1*'survival matrix'!EC8 -> 0
A9: ='data input'!C9-B9 -> 69.960919 | B9: =C9-C8 -> 23172.966 | C9: =SUM(F9:EC9) -> 92077.753 | E9: ='data input'!B9 -> 1884 | F9: =F$1*'survival matrix'!F9 -> 3233.0382 | G9: =G$1*'survival matrix'!G9 -> 6498.3876 | H9: =H$1*'survival matrix'!H9 -> 9783.8518 | I9: =I$1*'survival matrix'!I9 -> 13099.375 | J9: =J$1*'survival matrix'!J9 -> 16441.442 | K9: =K$1*'survival matrix'!K9 -> 19810.107 | L9: =L$1*'survival matrix'!L9 -> 23211.551 | M9: =M$1*'survival matrix'!M9 -> 0 | ... EC9: =EC$1*'survival matrix'!EC9 -> 0
A10: ='data input'!C10-B10 -> 92.123314 | B10: =C10-C9 -> 26576.737 | C10: =SUM(F10:EC10) -> 118654.49 | E10: ='data input'!B10 -> 1885 | F10: =F$1*'survival matrix'!F10 -> 3228.8916 | G10: =G$1*'survival matrix'!G10 -> 6491.5105 | H10: =H$1*'survival matrix'!H10 -> 9775.3547 | I10: =I$1*'survival matrix'!I10 -> 13090.09 | J10: =J$1*'survival matrix'!J10 -> 16431.981 | K10: =K$1*'survival matrix'!K10 -> 19800.906 | L10: =L$1*'survival matrix'!L10 -> 23202.896 | M10: =M$1*'survival matrix'!M10 -> 26632.86 | ... EC10: =EC$1*'survival matrix'!EC10 -> 0
A11: ='data input'!C11-B11 -> 119.42617 | B11: =C11-C10 -> 29990.722 | C11: =SUM(F11:EC11) -> 148645.21 | E11: ='data input'!B11 -> 1886 | F11: =F$1*'survival matrix'!F11 -> 3223.8997 | G11: =G$1*'survival matrix'!G11 -> 6483.1846 | H11: =H$1*'survival matrix'!H11 -> 9765.0096 | I11: =I$1*'survival matrix'!I11 -> 13078.721 | J11: =J$1*'survival matrix'!J11 -> 16420.334 | K11: =K$1*'survival matrix'!K11 -> 19789.513 | L11: =L$1*'survival matrix'!L11 -> 23192.119 | M11: =M$1*'survival matrix'!M11 -> 26622.929 | ... EC11: =EC$1*'survival matrix'!EC11 -> 0
A12: ='data input'!C12-B12 -> 152.87795 | B12: =C12-C11 -> 33406.957 | C12: =SUM(F12:EC12) -> 182052.17 | E12: ='data input'!B12 -> 1887 | F12: =F$1*'survival matrix'!F12 -> 3217.9237 | G12: =G$1*'survival matrix'!G12 -> 6473.1615 | H12: =H$1*'survival matrix'!H12 -> 9752.4853 | I12: =I$1*'survival matrix'!I12 -> 13064.88 | J12: =J$1*'survival matrix'!J12 -> 16406.073 | K12: =K$1*'survival matrix'!K12 -> 19775.485 | L12: =L$1*'survival matrix'!L12 -> 23178.774 | M12: =M$1*'survival matrix'!M12 -> 26610.563 | ... EC12: =EC$1*'survival matrix'!EC12 -> 0
A13: ='data input'!C13-B13 -> 193.67263 | B13: =C13-C12 -> 36837.804 | C13: =SUM(F13:EC13) -> 218889.97 | E13: ='data input'!B13 -> 1888 | F13: =F$1*'survival matrix'!F13 -> 3210.81 | G13: =G$1*'survival matrix'!G13 -> 6461.1626 | H13: =H$1*'survival matrix'!H13 -> 9737.4077 | I13: =I$1*'survival matrix'!I13 -> 13048.124 | J13: =J$1*'survival matrix'!J13 -> 16388.711 | K13: =K$1*'survival matrix'!K13 -> 19758.31 | L13: =L$1*'survival matrix'!L13 -> 23162.344 | M13: =M$1*'survival matrix'!M13 -> 26595.252 | ... EC13: =EC$1*'survival matrix'!EC13 -> 0
A14: ='data input'!C14-B14 -> 243.17947 | B14: =C14-C13 -> 40291.135 | C14: =SUM(F14:EC14) -> 259181.11 | E14: ='data input'!B14 -> 1889 | F14: =F$1*'survival matrix'!F14 -> 3202.3891 | G14: =G$1*'survival matrix'!G14 -> 6446.879 | H14: =H$1*'survival matrix'!H14 -> 9719.358 | I14: =I$1*'survival matrix'!I14 -> 13027.951 | J14: =J$1*'survival matrix'!J14 -> 16367.691 | K14: =K$1*'survival matrix'!K14 -> 19737.4 | L14: =L$1*'survival matrix'!L14 -> 23142.228 | M14: =M$1*'survival matrix'!M14 -> 26576.4 | ... EC14: =EC$1*'survival matrix'!EC14 -> 0
A15: ='data input'!C15-B15 -> 302.94814 | B15: =C15-C14 -> 43762.486 | C15: =SUM(F15:EC15) -> 302943.59 | E15: ='data input'!B15 -> 1890 | F15: =F$1*'survival matrix'!F15 -> 3192.477 | G15: =G$1*'survival matrix'!G15 -> 6429.9711 | H15: =H$1*'survival matrix'!H15 -> 9697.8717 | I15: =I$1*'survival matrix'!I15 -> 13003.802 | J15: =J$1*'survival matrix'!J15 -> 16342.386 | K15: =K$1*'survival matrix'!K15 -> 19712.086 | L15: =L$1*'survival matrix'!L15 -> 23117.737 | M15: =M$1*'survival matrix'!M15 -> 26553.319 | ... EC15: =EC$1*'survival matrix'!EC15 -> 0
... A130: ='data input'!C130-B130 -> 766915.62 | B130: =C130-C129 -> 754917.45 | C130: =SUM(F130:EC130) -> 50674900 | E130: ='data input'!B130 -> 2005 | F130: =F$1*'survival matrix'!F130 -> 1.1052118e-07 | G130: =G$1*'survival matrix'!G130 -> 3.6500396e-07 | H130: =H$1*'survival matrix'!H130 -> 8.9815521e-07 | I130: =I$1*'survival matrix'!I130 -> 1.9548819e-06 | J130: =J$1*'survival matrix'!J130 -> 3.9674093e-06 | K130: =K$1*'survival matrix'!K130 -> 7.6879688e-06 | L130: =L$1*'survival matrix'!L130 -> 1.4409189e-05 | M130: =M$1*'survival matrix'!M130 -> 2.631117e-05 | ... EC130: =EC$1*'survival matrix'!EC130 -> 1519778.7
